"TEXT","URL"
"Skip to main content","https://pec.ac.in/#main-content"
"Webmail","https://pec.ac.in/institute/email-services"
"Jobs","https://pec.ac.in/jobs"
"Tenders","https://pec.ac.in/tenders"
"Office Orders","https://pec.ac.in/office-orders"
"NIRF","https://pec.ac.in/nirf-data-20"
"RTI","https://pec.ac.in/node/549"
"Placements","https://pec.ac.in/tnp/about-cell"
"Contact Us","https://pec.ac.in/institute-functionaries"
"Institute","https://pec.ac.in/institute"
"History","https://pec.ac.in/history"
"Vision & Mission","https://pec.ac.in/vision"
"Campus","https://pec.ac.in/campus"
"Location","https://pec.ac.in/location"
"News and Events","https://pec.ac.in/all_events"
"Balance Sheets","https://pec.ac.in/balance-sheets"
"Faculty Affairs","https://pec.ac.in/faculty-affairs"
"IQAC Reports","https://pec.ac.in/institute/iqac-reports"
"Administration","https://pec.ac.in/administration"
"Board Of Governors","https://pec.ac.in/board-of-governors"
"Chairman, Board of Governors","https://pec.ac.in/chairman-bog"
"Director","https://pec.ac.in/director"
"Senate Members","https://pec.ac.in/senate-members"
"Building & Works Committee","https://pec.ac.in/building-works-committee"
"Finance Committee","https://pec.ac.in/finance-committee"
"Grievance Redressal Committee","https://pec.ac.in/grievance-redressal-committee"
"Minutes of Meetings","https://pec.ac.in/minutes-meetings"
"Programmes","https://pec.ac.in/programmes"
"Undergraduate","https://pec.ac.in/programmes/ug/structure"
"Postgraduate","https://pec.ac.in/programmes/pg/structure"
"Doctorate","https://pec.ac.in/programmes/phd"
"Academic Support for Students","https://pec.ac.in/programmes/student-support"
"Accreditation","https://pec.ac.in/programmes/accreditation"
"Scholarships","https://pec.ac.in/programmes/scholarships"
"IQAC Reports","https://pec.ac.in/iqac/aqar-reports"
"Admissions","https://pec.ac.in/admissions"
"Academic Units","https://pec.ac.in/academic-units"
"Departments","https://pec.ac.in/departments"
"Centres","https://pec.ac.in/centres"
"Research","https://pec.ac.in/research/overview"
"Research Groups","https://pec.ac.in/research-groups"
"Sponsored Research","https://pec.ac.in/sponsored-research"
"In-House Projects","https://pec.ac.in/house-projects"
"Consultancy","https://pec.ac.in/consultancy"
"Courses and Conferences","https://pec.ac.in/courses-and-conferences"
"Young Research Fellows Programme","https://pec.ac.in/yrf/about-programme"
"Norms and Forms","https://pec.ac.in/norms-and-forms"
"Contacts","https://pec.ac.in/research/contacts"
"Campus Life","https://pec.ac.in/campus-life"
"Students","https://pec.ac.in/current-students"
"Facilities","https://pec.ac.in/facilities"
"MoU signed between PEC and Bansal EnviroTech","https://pec.ac.in/events/mou-signed-between-pec-and-bansal-envirotech"
"MoU signed between PEC and KISCO India Private Limited (KIPL)","https://pec.ac.in/events/mou-signed-between-pec-and-kisco-india-private-limited-kipl"
"Homecoming 2020: First Annual Alumni Meet","https://pec.ac.in/events/homecoming-2020-first-annual-alumni-meet"
"Siemens Center of Excellence Inaugurated at PEC","https://pec.ac.in/events/siemens-center-excellence-inaugurated-pec"
"Nominations are invited for Distinguished Alumnus Award and Young Alumnus Award 2020. The nomination process closes on 30th September 2020.","https://pec.ac.in/donations/distinguished-alumnus-award"
"Oldest Alum at Homecoming: 2020","https://pec.ac.in/events/oldest-alum-attendance-homecoming-2020"
"MOU Between PEC and PEDA","https://pec.ac.in/events/mou-signed-between-pec-and-peda"
"98th Foundation Day","https://pec.ac.in/events/98th-foundation-day"
"One week STC on Micro Manufacturing from 4th to 8th January, 2021","https://pec.ac.in/sites/default/files/uploads/events/STC-MMCO-2021.pdf"
"Manual to Access pec.edu.in Email ID","https://pec.ac.in/sites/default/files/uploads/events/Email_Manual.pdf"
"As a precautionary measure against the spread of Corona Virus, teaching shall remain suspended in the institute indefinitely.","https://pec.ac.in/sites/default/files/uploads/events/corona_virus_urgent_notice.pdf"
"Contribute to Covid Emergency Funds","https://pec.ac.in/donations/"
"Rolling Advertisement for the Temporary Engagement of Faculty Positions at the level of Assistant Professor on contract for three years.","https://pec.ac.in/jobs/job-19-7-18/details"
"Description, Purpose and Guidelines of the Voyager Program","https://pec.ac.in/events/voyager-program-details"
"Dr. Sanjeev Kumar has received the India 2020 Top Cited Paper Award","https://pec.ac.in/events/dr-sanjeev-kumar-pec-india-2020-top-cited-paper-award"
"Online Short Term Course (STC) on Smart Functional Materials for Emerging Applications","https://pec.ac.in/events/online-short-term-course-stc-smart-functional-materials-emerging-applications"
"Webinar on ANSYS High Frequency Application in 5G Antenna","https://pec.ac.in/events/webinar-ansys-high-frequency-application-5g-antenna"
"Two Days Workshop on Advanced Functional Materials (WAFM-2020)","https://pec.ac.in/events/two-days-workshop-advanced-functional-materials-wafm-2020"
"Online Short Term Course on Nanotechnology for Electronic and Photonic Devices (NANODEV-2020)","https://pec.ac.in/events/online-short-term-course-nanotechnology-electronic-and-photonic-devices-nanodev-2020"
"Web Development & Programming the IoT","https://pec.ac.in/events/six-weeks-workshop-web-development-introduction-programming-internet-things-iot"
"Space Flight: Challenges & Opportunities","https://pec.ac.in/events/kalpana-chawla-memorial-lecture-national-seminar"
"Collaborations","https://pec.ac.in/coe/collaborations"
"Time Tables","https://pec.ac.in/current-students/time-tables"
"Examination","https://pec.ac.in/current-students/examination"
"Academic Calendar","https://pec.ac.in/academics/calendar"
"Library","https://pec.ac.in/library"
"Computer Centre","https://pec.ac.in/computer-centre"
"Sports","https://pec.ac.in/Sports"
"Hostels","https://pec.ac.in/hostels"
"Medical Facility","https://pec.ac.in/medical-facilities"
"Workshops","https://pec.ac.in/workshops"
"Multimedia","https://pec.ac.in/multimedia"
"Brochure & Prospectus","https://pec.ac.in/prospectus"
"Sexual Harassment Complaints","https://pec.ac.in/institute/sexual-harassment-complaints-committee"
"Website Credits","https://pec.ac.in/credits"
"Web Editor","https://pec.ac.in/web_editor"
"Anti-Ragging","https://pec.ac.in/anti-ragging"
"Privacy Statement","https://pec.ac.in/privacy-policy"
"Report Copyright Infringement","https://pec.ac.in/reporting-copyright-infringement"
"Skip to main content","https://pec.ac.in/institute/email-services#main-content"
"Top Stories","https://pec.ac.in/top-stories"
"PEC Anthem","https://pec.ac.in/pec-anthem"
"Rules, Guidelines & Forms","https://pec.ac.in/rules-guidelines-forms"
"Quick Links","https://pec.ac.in/institute/email-services#0"
"Skip to main content","https://pec.ac.in/jobs#main-content"
"Quick Links","https://pec.ac.in/jobs#0"
"Click Here to View Details","https://pec.ac.in/jobs/job-18-8-20"
"Archive of Previous job Openings","https://pec.ac.in/jobs/archive"
"Skip to main content","https://pec.ac.in/tenders#main-content"
"Quick Links","https://pec.ac.in/tenders#0"
"Last Date","https://pec.ac.in/tenders?field_tenders_quotations_auction_value=&order=field_last_date&sort=asc"
"Download Tender","https://pec.ac.in/sites/default/files/uploads/tenders/tender_cc_7-9-20.pdf"
"Archive of Previous Tenders","https://pec.ac.in/tenders/archive"
"Skip to main content","https://pec.ac.in/office-orders#main-content"
"Quick Links","https://pec.ac.in/office-orders#0"
"Download Office Order","https://pec.ac.in/sites/default/files/office_orders/notice-1-9-20.PDF"
"Download Office Order","https://pec.ac.in/sites/default/files/office_orders/office_order_1-9-2020.pdf"
"Skip to main content","https://pec.ac.in/nirf-data-20#main-content"
"Quick Links","https://pec.ac.in/nirf-data-20#0"
"Click Here to Download Data Submitted for Participation in National Institutional Ranking Framework (NIRF), India Rankings 2020","https://pec.ac.in/sites/default/files/uploads/nirf_2019-20.pdf"
"Skip to main content","https://pec.ac.in/node/549#main-content"
"RTI","https://pec.ac.in/rti"
"Quick Links","https://pec.ac.in/node/549#0"
"Right to information","https://pec.ac.in/sites/default/files/uploads/RTI_mandatory_Info_07-01-2020.pdf"
"Download the performa of Appeal","https://pec.ac.in/sites/default/files/uploads/rightinfo_12_form.pdf"
"Third party audit report of RTI compliance","https://pec.ac.in/sites/default/files/uploads/audit_report_rti.pdf"
"Skip to main content","https://pec.ac.in/tnp/about-cell#main-content"
"Invitation","https://pec.ac.in/tnp/invitation"
"Message from the Director","https://pec.ac.in/tnp/message-director"
"Message from the Head","https://pec.ac.in/tnp/message-tpo"
"Placement Procedure","https://pec.ac.in/tnp/placement-procedure"
"Placement Policy","https://pec.ac.in/tnp/policy"
"Placement Statistics","https://pec.ac.in/tnp/placement-information"
"Why Recruit @ PEC?","https://pec.ac.in/tnp/why-recruit-pec"
"Downloads","https://pec.ac.in/tnp/downloads"
"Facilities for Recruiters","https://pec.ac.in/tnp/facilities-recruiters"
"Past Recruiters","https://pec.ac.in/past-recruiters"
"How to Reach PEC","https://pec.ac.in/how-reach-pec"
"Testimonials from Companies","https://pec.ac.in/tnp/testimonials"
"Student Placement Committee","https://pec.ac.in/node/370"
"Important Links","https://pec.ac.in/tpo/important-links"
"FAQ's","https://pec.ac.in/tnp/frequently-asked-questions"
"Contact Us","https://pec.ac.in/tnp/contact-us"
"Quick Links","https://pec.ac.in/tnp/about-cell#0"
"Skip to main content","https://pec.ac.in/institute-functionaries#main-content"
"Quick Links","https://pec.ac.in/institute-functionaries#0"
"Institute","https://pec.ac.in/institute-functionaries#tab1"
"Head of Departments","https://pec.ac.in/institute-functionaries#tab2"
"Deans & Associate Deans","https://pec.ac.in/institute-functionaries#tab3"
"Career Development and Guidance Cell","https://pec.ac.in/institute-functionaries#tab4"
"Head of Centers","https://pec.ac.in/institute-functionaries#tab5"
"Accounts Section","https://pec.ac.in/institute-functionaries#tab20"
"Chairpersons","https://pec.ac.in/institute-functionaries#tab6"
"Chief Wardens","https://pec.ac.in/institute-functionaries#tab7"
"Liaison Officers","https://pec.ac.in/institute-functionaries#tab8"
"Student Advisers","https://pec.ac.in/institute-functionaries#tab9"
"Other Activities","https://pec.ac.in/institute-functionaries#tab10"
"Committees","https://pec.ac.in/institute-functionaries#tab11"
"Coordinators","https://pec.ac.in/institute-functionaries#tab15"
"Clubs","https://pec.ac.in/institute-functionaries#tab12"
"Societies","https://pec.ac.in/institute-functionaries#tab14"
"Nodal Officers","https://pec.ac.in/institute-functionaries#tab16"
"Games","https://pec.ac.in/institute-functionaries#tab17"
"Skip to main content","https://pec.ac.in/institute#main-content"
"Quick Links","https://pec.ac.in/institute#0"
"Skip to main content","https://pec.ac.in/history#main-content"
"Quick Links","https://pec.ac.in/history#0"
"Skip to main content","https://pec.ac.in/vision#main-content"
"Quick Links","https://pec.ac.in/vision#0"
"Skip to main content","https://pec.ac.in/campus#main-content"
"Quick Links","https://pec.ac.in/campus#0"
"Skip to main content","https://pec.ac.in/location#main-content"
"Quick Links","https://pec.ac.in/location#0"
"Skip to main content","https://pec.ac.in/all_events#main-content"
"Quick Links","https://pec.ac.in/all_events#0"
"6th International Yoga Day","https://pec.ac.in/events/6th-international-yoga-day"
"A Case Study on Mitigating Traffic Congestion of Chandigarh - Nayagaon Stretch","https://pec.ac.in/events/case-study-mitigating-traffic-congestion-chandigarh-nayagaon-stretch"
"PEC Student Bagged ASCE Student Leadership Award","https://pec.ac.in/events/pec-student-bagged-asce-student-leadership-award"
"Swayam Sevika – Contactless Food & Medicine Delivery Bot","https://pec.ac.in/events/swayam-sevika-%E2%80%93-contactless-food-medicine-delivery-bot"
"PEC Stands up for the Cause of Blood Donation","https://pec.ac.in/events/pec-stands-cause-blood-donation"
"AICTE-ATAL Sponsored FDPs","https://pec.ac.in/events/aicte-atal-sponsored-fdps"
"TEQIP-III sponsored National Seminar on Recent Advances in Mathematical Modeling and their Applications in Engineering and Sciences","https://pec.ac.in/events/teqip-iii-sponsored-national-seminar-recent-advances-mathematical-modeling-and-their"
"Expert lecture on Social Entrepreneurship","https://pec.ac.in/events/expert-lecture-social-entrepreneurship"
"Expert lecture on IOT and Blockchain","https://pec.ac.in/events/expert-lecture-iot-and-blockchain"
"1","https://pec.ac.in/all_events#"
"2","https://pec.ac.in/all_events?page=1"
"3","https://pec.ac.in/all_events?page=2"
"4","https://pec.ac.in/all_events?page=3"
"5","https://pec.ac.in/all_events?page=4"
"6","https://pec.ac.in/all_events?page=5"
"7","https://pec.ac.in/all_events?page=6"
"8","https://pec.ac.in/all_events?page=7"
"9","https://pec.ac.in/all_events?page=8"
"Skip to main content","https://pec.ac.in/balance-sheets#main-content"
"Quick Links","https://pec.ac.in/balance-sheets#0"
"Balance Sheet for the F.Y. 2018-19","https://pec.ac.in/sites/default/files/uploads/balance_sheet_pec_18-19.pdf"
"Balance Sheet for the F.Y. 2018-19","https://pec.ac.in/sites/default/files/uploads/balance_sheet_teqip_18-19.PDF"
"Balance Sheet for the F.Y. 2017-18","https://pec.ac.in/sites/default/files/uploads/balance_sheet_teqip_17-18.PDF"
"Skip to main content","https://pec.ac.in/faculty-affairs#main-content"
"Quick Links","https://pec.ac.in/faculty-affairs#0"
"Skip to main content","https://pec.ac.in/institute/iqac-reports#main-content"
"Quick Links","https://pec.ac.in/institute/iqac-reports#0"
"IQAC Annual Report 2011-12","https://pec.ac.in/sites/default/files/uploads/iqac_annual_report_11-12.pdf"
"IQAC Annual Report 2013-14","https://pec.ac.in/sites/default/files/uploads/iqac_annual_report_13-14.pdf"
"IQAC Annual Report 2014-15","https://pec.ac.in/sites/default/files/uploads/iqac_annual_report_14-15.pdf"
"IQAC Annual Report 2015-16","https://pec.ac.in/sites/default/files/uploads/iqac_annual_report_15-16.pdf"
"IQAC Annual Report 2016-17","https://pec.ac.in/sites/default/files/uploads/iqac_annual_report_16-17.pdf"
"IQAC Annual Report 2017-18","https://pec.ac.in/sites/default/files/uploads/iqac_annual_report_17-18.pdf"
"Skip to main content","https://pec.ac.in/administration#main-content"
"Quick Links","https://pec.ac.in/administration#0"
"Skip to main content","https://pec.ac.in/board-of-governors#main-content"
"Minutes of BOG Meetings","https://pec.ac.in/board-of-governors/minutes-bog-meetings"
"Quick Links","https://pec.ac.in/board-of-governors#0"
"Skip to main content","https://pec.ac.in/chairman-bog#main-content"
"Quick Links","https://pec.ac.in/chairman-bog#0"
"Skip to main content","https://pec.ac.in/director#main-content"
"Quick Links","https://pec.ac.in/director#0"
"Skip to main content","https://pec.ac.in/senate-members#main-content"
"Minutes of Senate Meetings","https://pec.ac.in/minutes-senate-meetings"
"Quick Links","https://pec.ac.in/senate-members#0"
"Skip to main content","https://pec.ac.in/building-works-committee#main-content"
"Quick Links","https://pec.ac.in/building-works-committee#0"
"Skip to main content","https://pec.ac.in/finance-committee#main-content"
"Minutes of Finance Committee Meetings","https://pec.ac.in/minutes-finance-committee-meetings"
"Quick Links","https://pec.ac.in/finance-committee#0"
"Skip to main content","https://pec.ac.in/grievance-redressal-committee#main-content"
"Quick Links","https://pec.ac.in/grievance-redressal-committee#0"
"Skip to main content","https://pec.ac.in/minutes-meetings#main-content"
"Quick Links","https://pec.ac.in/minutes-meetings#0"
"Skip to main content","https://pec.ac.in/programmes#main-content"
"Scholarship Office Orders & Sanction Orders","https://pec.ac.in/programmes/student-support/scholarship-office-orders-sanction-orders"
"Rules & Procedures","https://pec.ac.in/programmes/rules-procedures"
"Functionaries & Dealing Clerks","https://pec.ac.in/programmes/functionaries-dealing-clerks"
"List of Visiting Professor / Emeritus Professor","https://pec.ac.in/departments/visiting-emeritus-professors"
"Quick Links","https://pec.ac.in/programmes#0"
"Skip to main content","https://pec.ac.in/programmes/ug/structure#main-content"
"Quick Links","https://pec.ac.in/programmes/ug/structure#0"
"Aerospace Engineering (BATCH 2014-18)","https://pec.ac.in/programmes/ug/structure/aero-14-18"
"Aerospace Engineering (BATCH 2015-19)","https://pec.ac.in/programmes/ug/structure/aero-15-19"
"Aerospace Engineering","https://pec.ac.in/programmes/ug/structure/aero-syllabus"
"Civil Engineering (BATCH 2014-18)","https://pec.ac.in/programmes/ug/structure/civil-14-18"
"Civil Engineering (BATCH 2015-19)","https://pec.ac.in/programmes/ug/structure/civil-15-19"
"Civil Engineering","https://pec.ac.in/programmes/ug/structure/civil-syllabus"
"Computer Science & Engineering (BATCH 2014-18)","https://pec.ac.in/programmes/ug/structure/cse-14-18"
"Computer Science & Engineering (BATCH 2015-19)","https://pec.ac.in/programmes/ug/structure/cse-15-19"
"Computer Science & Engineering","https://pec.ac.in/programmes/ug/structure/cse-syllabus"
"Electrical Engineering (BATCH 2014-18)","https://pec.ac.in/programmes/ug/structure/electrical-14-18"
"Electrical Engineering (BATCH 2015-19)","https://pec.ac.in/programmes/ug/structure/electrical-15-19"
"Electrical Engineering","https://pec.ac.in/programmes/ug/structure/electrical-syllabus"
"Electronics Communication Engineering (BATCH 2014-18)","https://pec.ac.in/programmes/ug/structure/ece-14-18"
"Electronics Communication Engineering (BATCH 2015-19)","https://pec.ac.in/programmes/ug/structure/ece-15-19"
"Electronics & Communication Engineering","https://pec.ac.in/programmes/ug/structure/ece-syllabus"
"Mechanical Engineering (BATCH 2014-18)","https://pec.ac.in/programmes/ug/structure/mech-14-18"
"Mechanical Engineering (BATCH 2015-19)","https://pec.ac.in/programmes/ug/structure/mech-15-19"
"Mechanical Engineering","https://pec.ac.in/programmes/ug/structure/mech-syllabus"
"Materials & Metallurgical Engineering (BATCH 2014-18)","https://pec.ac.in/programmes/ug/structure/meta-14-18"
"Materials & Metallurgical Engineering (BATCH 2015-19)","https://pec.ac.in/programmes/ug/structure/meta-15-19"
"Materials & Metallurgical Engineering","https://pec.ac.in/programmes/ug/structure/meta-syllabus"
"Production & Industrial Engineering (2014-18)","https://pec.ac.in/programmes/ug/structure/prod-14-18"
"Skip to main content","https://pec.ac.in/programmes/pg/structure#main-content"
"Quick Links","https://pec.ac.in/programmes/pg/structure#0"
"Click Here for Programmes Structure (2016-18)","https://pec.ac.in/programmes/pg/structure/civil-transport"
"Click Here for Syllabus (2016-18)","https://pec.ac.in/programmes/pg/structure/civil-transport-syllabus"
"Click Here for Programmes Structure (2016-18)","https://pec.ac.in/programmes/pg/structure/civil-wr"
"Click Here for Syllabus (2016-18)","https://pec.ac.in/programmes/pg/structure/civil-wr-syllabus"
"Click Here for Programmes Structure (2016-18)","https://pec.ac.in/programmes/pg/structure/civil-structure"
"Click Here for Syllabus (2016-18)","https://pec.ac.in/programmes/pg/structure/civil-structure-syllabus"
"Click Here for Programmes Structure (2016-18)","https://pec.ac.in/programmes/pg/structure/cse"
"Click Here for Syllabus (2016-18)","https://pec.ac.in/programmes/pg/structure/cse-syllabus"
"Click Here for Programmes Structure (2016-18)","https://pec.ac.in/programmes/pg/structure/cse-is"
"Click Here for Syllabus (2016-18)","https://pec.ac.in/programmes/pg/structure/cse-is-syllabus"
"Click Here for Programmes Structure (2016-18)","https://pec.ac.in/programmes/pg/structure/electrical"
"Click Here for Syllabus (2016-18)","https://pec.ac.in/programmes/pg/structure/electrical-syllabus"
"Click Here for Syllabus (2016-18)","https://pec.ac.in/programmes/pg/structure/mech-syllabus"
"Click Here for Programmes Structure (2016-18)","https://pec.ac.in/programmes/pg/structure/electronics"
"Click Here for Syllabus (2016-18)","https://pec.ac.in/programmes/pg/structure/electronics-syllabus"
"Click Here for Programmes Structure (2016-18)","https://pec.ac.in/programmes/pg/structure/electronics-vlsi"
"Click Here for Syllabus (2016-18)","https://pec.ac.in/programmes/pg/structure/electronics-vlsi-syllabus"
"Click Here for Programmes Structure (2016-18)","https://pec.ac.in/programmes/pg/structure/metallurgy"
"Click Here for Syllabus (2016-18)","https://pec.ac.in/programmes/pg/structure/metallurgy-syllabus"
"Click Here for Programmes Structure (2016-18)","https://pec.ac.in/programmes/pg/structure/production"
"Click Here for Syllabus (2016-18)","https://pec.ac.in/programmes/pg/structure/production-syllabus"
"Click Here for Programmes Structure (2016-18)","https://pec.ac.in/programmes/pg/structure/industrial-design"
"Click Here for Syllabus (2016-18)","https://pec.ac.in/programmes/pg/structure/industrial-design-syllabus"
"Skip to main content","https://pec.ac.in/programmes/phd#main-content"
"PhD Performas","https://pec.ac.in/programmes/phd/performas"
"Ph.D. Scholars Enrolled","https://pec.ac.in/programmes/phd/ugc-phd-data"
"Quick Links","https://pec.ac.in/programmes/phd#0"
"PhD Rules effective from 2014 Onwards","https://pec.ac.in/sites/default/files/uploads/phd_rules.pdf"
"Skip to main content","https://pec.ac.in/programmes/student-support#main-content"
"Quick Links","https://pec.ac.in/programmes/student-support#0"
"Skip to main content","https://pec.ac.in/programmes/accreditation#main-content"
"Quick Links","https://pec.ac.in/programmes/accreditation#0"
"Letter of Extension of Approval 2019-20","https://pec.ac.in/sites/default/files/uploads/EOA_Report_2019-20.PDF"
"Self Study Report (SSR) for First Cycle of Accreditation","https://pec.ac.in/sites/default/files/uploads/naac_ssr_pec.pdf"
"Skip to main content","https://pec.ac.in/programmes/scholarships#main-content"
"Quick Links","https://pec.ac.in/programmes/scholarships#0"
"National Scholarship Portal","https://pec.ac.in/sites/default/files/attachments/nsp_notice.pdf"
"Scholarship Programme for Diaspora Children","https://pec.ac.in/sites/default/files/attachments/sdpc_notice.pdf"
"Scholarship Notice for Different Minority Communities","https://pec.ac.in/sites/default/files/attachments/scholarships_minority_communities_notice.pdf"
"Top Class Scheme for SC Candidates","https://pec.ac.in/sites/default/files/attachments/top_class_sc.pdf"
"Skip to main content","https://pec.ac.in/iqac/aqar-reports#main-content"
"Minutes of Meetings","https://pec.ac.in/iqac/minutes-of-meetings"
"Coordinator","https://pec.ac.in/iqac/coordinator"
"Quick Links","https://pec.ac.in/iqac/aqar-reports#0"
"Download Report","https://pec.ac.in/sites/default/files/uploads/iqac_aqar-2017-18.pdf"
"Download Report","https://pec.ac.in/sites/default/files/uploads/iqac_aqar-2016-17.pdf"
"Download Report","https://pec.ac.in/sites/default/files/uploads/iqac_aqar-2015-16.pdf"
"Download Report","https://pec.ac.in/sites/default/files/uploads/iqac_aqar-2014-15.pdf"
"Download Report","https://pec.ac.in/sites/default/files/uploads/iqac_aqar-2013-14.pdf"
"Download Report","https://pec.ac.in/sites/default/files/uploads/iqac_aqar-2012-13.pdf"
"Download Report","https://pec.ac.in/sites/default/files/uploads/iqac_aqar-2011-12.pdf"
"Download Report","https://pec.ac.in/sites/default/files/uploads/iqac_aqar-2010-11.pdf"
"Skip to main content","https://pec.ac.in/admissions#main-content"
"B.Tech. Admissions","https://pec.ac.in/admissions/btech"
"M.Tech. Admissions","https://pec.ac.in/admissions/mtech"
"Ph.D Admissions","https://pec.ac.in/admissions/phd"
"Quick Links","https://pec.ac.in/admissions#0"
"Skip to main content","https://pec.ac.in/academic-units#main-content"
"Quick Links","https://pec.ac.in/academic-units#0"
"Skip to main content","https://pec.ac.in/departments#main-content"
"Quick Links","https://pec.ac.in/departments#0"
"Aerospace Engineering","https://pec.ac.in/aero"
"Applied Sciences","https://pec.ac.in/applied-sciences"
"Civil Engineering","https://pec.ac.in/civil"
"Computer Science & Engineering","https://pec.ac.in/cse"
"Electrical Engineering","https://pec.ac.in/ee"
"Electronics and Communication Engineering","https://pec.ac.in/ece"
"Mechanical Engineering","https://pec.ac.in/me"
"Metallurgical & Materials Engineering","https://pec.ac.in/metta"
"Production and Industrial Engineering","https://pec.ac.in/pie"
"Skip to main content","https://pec.ac.in/centres#main-content"
"Quick Links","https://pec.ac.in/centres#0"
"Centre of Excellence in Industrial and Product Design","https://pec.ac.in/coe"
"Center of Excellence Siemens","https://pec.ac.in/sites/default/files/uploads/Siemens_CoE_PEC_compressed.pdf"
"Centre of Management and Humanities (CMH)","https://pec.ac.in/cmh"
"Centre for Total Quality Management and ZED","https://pec.ac.in/tqm-zed"
"Cyber Security Research Centre","https://pec.ac.in/cyber-security-research-centre"
"Kalpana Chawla Chair of Geospatial Technology (KCC GT)","https://pec.ac.in/institute/kalpana-chawla-chair"
"Skip to main content","https://pec.ac.in/research/overview#main-content"
"Advance Manufacturing Lab","https://pec.ac.in/research/advance-manufacturing-lab"
"Quick Links","https://pec.ac.in/research/overview#0"
"Skip to main content","https://pec.ac.in/research-groups#main-content"
"As Per UGC thrust areas","https://pec.ac.in/research-groups-ugc-thrust-areas"
"As Per Faculty Interests","https://pec.ac.in/research-groups-recent-interests-faculty"
"Quick Links","https://pec.ac.in/research-groups#0"
"Skip to main content","https://pec.ac.in/sponsored-research#main-content"
"Quick Links","https://pec.ac.in/sponsored-research#0"
"Skip to main content","https://pec.ac.in/house-projects#main-content"
"Quick Links","https://pec.ac.in/house-projects#0"
"Skip to main content","https://pec.ac.in/consultancy#main-content"
"List of Consultancy Projects","https://pec.ac.in/list-consultancy-projects"
"Quick Links","https://pec.ac.in/consultancy#0"
"Skip to main content","https://pec.ac.in/courses-and-conferences#main-content"
"Quick Links","https://pec.ac.in/courses-and-conferences#0"
"Skip to main content","https://pec.ac.in/yrf/about-programme#main-content"
"Eligibility Criteria","https://pec.ac.in/yrf/eligibility-criteria"
"Benefits & Awards","https://pec.ac.in/yrf/benefits-awards"
"Selection Process","https://pec.ac.in/yrf/selection-process"
"Review Process","https://pec.ac.in/yrf/review-process"
"Apply for YRF","https://pec.ac.in/yrf/apply"
"Ongoing Projects","https://pec.ac.in/ongoing-projects"
"Information on Mentors & Guides","https://pec.ac.in/yrf/information-mentors-guides"
"Information on YRFs","https://pec.ac.in/yrf/information"
"Quick Links","https://pec.ac.in/yrf/about-programme#0"
"Skip to main content","https://pec.ac.in/norms-and-forms#main-content"
"Quick Links","https://pec.ac.in/norms-and-forms#0"
"In-house Projects","https://pec.ac.in/node/297"
"Consultancy & Testing Projects","https://pec.ac.in/node/298"
"Distribution of PDF and Incentive for Consultancy Testing Project","https://pec.ac.in/sites/default/files/uploads/distribution_pdf_cp_2020.pdf"
"Distribution of PDF and Incentive for Sponsored Projects","https://pec.ac.in/sites/default/files/uploads/distribution_pdf_sp_2020.pdf"
"Skip to main content","https://pec.ac.in/research/contacts#main-content"
"Quick Links","https://pec.ac.in/research/contacts#0"
"Skip to main content","https://pec.ac.in/campus-life#main-content"
"Technical Societies","https://pec.ac.in/students/technical-societies"
"Cultural Clubs","https://pec.ac.in/cultural-clubs"
"Our Recent Events","https://pec.ac.in/clubs/recent-events"
"Our Recent Achievements","https://pec.ac.in/clubs/recent-achievements"
"Forms","https://pec.ac.in/forms"
"NSS","https://pec.ac.in/nss"
"NCC","https://pec.ac.in/ncc"
"Financial Assistance","https://pec.ac.in/current-students/financial-assistance"
"Contact Us","https://pec.ac.in/current-students/contact-us"
"Equivalent Ranks","https://pec.ac.in/ncc/equivalent-ranks"
"Quick Links","https://pec.ac.in/campus-life#0"
"Skip to main content","https://pec.ac.in/current-students#main-content"
"Quick Links","https://pec.ac.in/current-students#0"
"Skip to main content","https://pec.ac.in/facilities#main-content"
"Quick Links","https://pec.ac.in/facilities#0"
"Read More","https://pec.ac.in/sports"
"Skip to main content","https://pec.ac.in/events/mou-signed-between-pec-and-bansal-envirotech#main-content"
"Quick Links","https://pec.ac.in/events/mou-signed-between-pec-and-bansal-envirotech#0"
"Skip to main content","https://pec.ac.in/events/mou-signed-between-pec-and-kisco-india-private-limited-kipl#main-content"
"Quick Links","https://pec.ac.in/events/mou-signed-between-pec-and-kisco-india-private-limited-kipl#0"
"Skip to main content","https://pec.ac.in/events/homecoming-2020-first-annual-alumni-meet#main-content"
"Quick Links","https://pec.ac.in/events/homecoming-2020-first-annual-alumni-meet#0"
"Skip to main content","https://pec.ac.in/events/siemens-center-excellence-inaugurated-pec#main-content"
"Quick Links","https://pec.ac.in/events/siemens-center-excellence-inaugurated-pec#0"
"Skip to main content","https://pec.ac.in/donations/distinguished-alumnus-award#main-content"
"Our Latest Donors","https://pec.ac.in/donations/our_latest_donors"
"Click Here for Nomination Form","https://pec.ac.in/donations/nomination-form-distinguished-alumnus-award"
"Skip to main content","https://pec.ac.in/events/oldest-alum-attendance-homecoming-2020#main-content"
"Quick Links","https://pec.ac.in/events/oldest-alum-attendance-homecoming-2020#0"
"Skip to main content","https://pec.ac.in/events/mou-signed-between-pec-and-peda#main-content"
"Quick Links","https://pec.ac.in/events/mou-signed-between-pec-and-peda#0"
"Skip to main content","https://pec.ac.in/events/98th-foundation-day#main-content"
"Quick Links","https://pec.ac.in/events/98th-foundation-day#0"
"Skip to main content","https://pec.ac.in/donations/#main-content"
"Read More","https://pec.ac.in/donations/content/alumni-endowments-covid-emergency-funds"
"Read More","https://pec.ac.in/donations/content/establishing-scholarships-financially-underprivileged-students"
"Read More","https://pec.ac.in/donations/content/refurbishing-hostelscommon-facilities"
"Make Donation","https://pec.ac.in/donations/make-payment"
"Skip to main content","https://pec.ac.in/jobs/job-19-7-18/details#main-content"
"Quick Links","https://pec.ac.in/jobs/job-19-7-18/details#0"
"Download Detail","https://pec.ac.in/sites/default/files/uploads/jobs/Rolling%20Advertisment%20_2018.pdf"
"Download Application Form","https://pec.ac.in/sites/default/files/uploads/jobs/application_form_19-7-18.pdf"
"Download Corrigendum Dated 16-08-2018","https://pec.ac.in/sites/default/files/uploads/jobs/corrigendum_16-8-18.pdf"
"Download Corrigendum Dated 01-01-2020","https://pec.ac.in/sites/default/files/uploads/pdf/corrigendum_1-1-2020.pdf"
"Skip to main content","https://pec.ac.in/events/voyager-program-details#main-content"
"Quick Links","https://pec.ac.in/events/voyager-program-details#0"
"Skip to main content","https://pec.ac.in/events/dr-sanjeev-kumar-pec-india-2020-top-cited-paper-award#main-content"
"Quick Links","https://pec.ac.in/events/dr-sanjeev-kumar-pec-india-2020-top-cited-paper-award#0"
"Dr. Sanjeev Kumar, Applied Science Department","https://pec.ac.in/sanjeev-kumar"
"Click Here to View Award","https://pec.ac.in/sites/default/files/uploads/events/sanjeev_kumar_award.pdf"
"Skip to main content","https://pec.ac.in/events/online-short-term-course-stc-smart-functional-materials-emerging-applications#main-content"
"Quick Links","https://pec.ac.in/events/online-short-term-course-stc-smart-functional-materials-emerging-applications#0"
"Skip to main content","https://pec.ac.in/events/webinar-ansys-high-frequency-application-5g-antenna#main-content"
"Quick Links","https://pec.ac.in/events/webinar-ansys-high-frequency-application-5g-antenna#0"
"Skip to main content","https://pec.ac.in/events/two-days-workshop-advanced-functional-materials-wafm-2020#main-content"
"Quick Links","https://pec.ac.in/events/two-days-workshop-advanced-functional-materials-wafm-2020#0"
"Skip to main content","https://pec.ac.in/events/online-short-term-course-nanotechnology-electronic-and-photonic-devices-nanodev-2020#main-content"
"Quick Links","https://pec.ac.in/events/online-short-term-course-nanotechnology-electronic-and-photonic-devices-nanodev-2020#0"
"Skip to main content","https://pec.ac.in/events/six-weeks-workshop-web-development-introduction-programming-internet-things-iot#main-content"
"Quick Links","https://pec.ac.in/events/six-weeks-workshop-web-development-introduction-programming-internet-things-iot#0"
"Skip to main content","https://pec.ac.in/events/kalpana-chawla-memorial-lecture-national-seminar#main-content"
"Quick Links","https://pec.ac.in/events/kalpana-chawla-memorial-lecture-national-seminar#0"
"Skip to main content","https://pec.ac.in/coe/collaborations#main-content"
"Key Activities","https://pec.ac.in/coe/key-activities"
"Facilities","https://pec.ac.in/coe/facilities"
"Ongoing Projects","https://pec.ac.in/coe/ongoing-projects"
"Happenings","https://pec.ac.in/coe/happenings"
"Contact Us","https://pec.ac.in/coe/contact-us"
"Quick Links","https://pec.ac.in/coe/collaborations#0"
"Skip to main content","https://pec.ac.in/current-students/time-tables#main-content"
"Quick Links","https://pec.ac.in/current-students/time-tables#0"
"Aerospace Engineering","https://pec.ac.in/current-students/time-tables#tab1"
"Click Here to Download Time Table","https://pec.ac.in/sites/default/files/uploads/tt_aero_20211.pdf"
"Applied Sciences","https://pec.ac.in/current-students/time-tables#tab6"
"Civil Engineering","https://pec.ac.in/current-students/time-tables#tab3"
"Click Here to Download Time Table","https://pec.ac.in/sites/default/files/uploads/tt_civil_20211.pdf"
"Computer Science & Engineering","https://pec.ac.in/current-students/time-tables#tab7"
"Click Here to Download Time Table","https://pec.ac.in/sites/default/files/uploads/tt_cse_20211.pdf"
"Electrical Engineering","https://pec.ac.in/current-students/time-tables#tab4"
"Click Here to Download Time Table","https://pec.ac.in/sites/default/files/uploads/tt_ele_20211.pdf"
"Electronics and Communication Engineering","https://pec.ac.in/current-students/time-tables#tab10"
"Click Here to Download Time Table","https://pec.ac.in/sites/default/files/uploads/tt_ece_20211_1.pdf"
"Mechanical Engineering","https://pec.ac.in/current-students/time-tables#tab11"
"Materials and Metallurgical Engineering","https://pec.ac.in/current-students/time-tables#tab2"
"Click Here to Download Time Table","https://pec.ac.in/sites/default/files/uploads/tt_metta_20211.pdf"
"Production & Industrial Engineering","https://pec.ac.in/current-students/time-tables#tab9"
"Centre of Management & Humanities","https://pec.ac.in/current-students/time-tables#tab20"
"Cyber Security Research Centre","https://pec.ac.in/current-students/time-tables#tab21"
"Skip to main content","https://pec.ac.in/current-students/examination#main-content"
"Quick Links","https://pec.ac.in/current-students/examination#0"
"Aerospace Engineering","https://pec.ac.in/current-students/examination#tab1"
"Applied Sciences","https://pec.ac.in/current-students/examination#tab9"
"Civil Engineering","https://pec.ac.in/current-students/examination#tab2"
"Click Here to Download Datesheet","https://pec.ac.in/sites/default/files/uploads/datesheet_mid_sem_civil_19202.pdf"
"Computer Science and Engineering","https://pec.ac.in/current-students/examination#tab3"
"Click Here to Download Datesheet","https://pec.ac.in/sites/default/files/uploads/datesheet_mid_sem_cse_19202.pdf"
"Electrical Engineering","https://pec.ac.in/current-students/examination#tab4"
"Click Here to Download Datesheet","https://pec.ac.in/sites/default/files/uploads/datesheet_mid_sem_ee_19202_revised.pdf"
"Electronics and Communication Engineering","https://pec.ac.in/current-students/examination#tab5"
"Mechanical Engineering","https://pec.ac.in/current-students/examination#tab6"
"Materials and Metallurgical Engineering","https://pec.ac.in/current-students/examination#tab7"
"Production and Industrial Engineering","https://pec.ac.in/current-students/examination#tab8"
"Click Here to Download Datesheet","https://pec.ac.in/sites/default/files/uploads/datesheet_mid_sem_prod_19202.pdf"
"Skip to main content","https://pec.ac.in/academics/calendar#main-content"
"Quick Links","https://pec.ac.in/academics/calendar#0"
"Academic Calendar for 20211 semester (July-Dec2020)","https://pec.ac.in/academics/calendar#collapseTwo"
"Academic Calendar for 20211 semester (July-Dec2020)","https://pec.ac.in/sites/default/files/uploads/academic_calendar_20211.pdf"
"Skip to main content","https://pec.ac.in/library#main-content"
"Facilities","https://pec.ac.in/library/facilities"
"Sections","https://pec.ac.in/library/sections"
"Membership Facilities","https://pec.ac.in/library/membership-facilities"
"Library Automation","https://pec.ac.in/library/automation"
"Multimedia Resource Centre","https://pec.ac.in/library/multimedia-resource-centre"
"Resources","https://pec.ac.in/library/e-resources"
"Team","https://pec.ac.in/library/team"
"Internal Services","https://pec.ac.in/library/internal-services"
"Quick Links","https://pec.ac.in/library#0"
"Skip to main content","https://pec.ac.in/computer-centre#main-content"
"Computer Centre: At a Glance","https://pec.ac.in/cc/computer-centre-glance"
"Campus Network","https://pec.ac.in/cc/campus-network"
"Data Centre","https://pec.ac.in/cc/data-centre"
"Centralized Softwares","https://pec.ac.in/cc/centralized-softwares"
"Open Source Software","https://pec.ac.in/cc/open-source-softwares"
"In-House Web-Application Development","https://pec.ac.in/cc/in-house-development"
"Services","https://pec.ac.in/services-provided-computer-center"
"Faculty","https://pec.ac.in/cc/faculty"
"Network Usage Policy","https://pec.ac.in/cc/network-usage-policy"
"Training/Workshops Organized","https://pec.ac.in/cc/department-news"
"Web Help","https://pec.ac.in/web-help"
"Webmaster","https://pec.ac.in/webmaster"
"Location","https://pec.ac.in/cc/locate-centre"
"Quick Links","https://pec.ac.in/computer-centre#0"
"Skip to main content","https://pec.ac.in/Sports#main-content"
"Sports Facilities","https://pec.ac.in/sports-facilities"
"Fitness Centre","https://pec.ac.in/fitness-centre"
"Honours & Awards","https://pec.ac.in/honours-awards"
"Forms","https://pec.ac.in/sports/forms"
"Quick Links","https://pec.ac.in/Sports#0"
"Skip to main content","https://pec.ac.in/hostels#main-content"
"Quick Links","https://pec.ac.in/hostels#0"
"Skip to main content","https://pec.ac.in/medical-facilities#main-content"
"Quick Links","https://pec.ac.in/medical-facilities#0"
"Skip to main content","https://pec.ac.in/workshops#main-content"
"Quick Links","https://pec.ac.in/workshops#0"
"Skip to main content","https://pec.ac.in/multimedia#main-content"
"Quick Links","https://pec.ac.in/multimedia#0"
"Videos Gallery @ PEC","https://pec.ac.in/videos"
"PECPOST , January 2017","https://pec.ac.in/multimedia/pecpost/jan/17"
"PECPOST , August 2015","https://pec.ac.in/multimedia/pecpost/aug/15"
"PECPOST , September 2015","https://pec.ac.in/multimedia/pecpost/sep/15"
"PECPOST , November 2015","https://pec.ac.in/multimedia/pecpost/nov/15"
"Skip to main content","https://pec.ac.in/prospectus#main-content"
"Quick Links","https://pec.ac.in/prospectus#0"
"Click Here to Download Brochure","https://pec.ac.in/sites/default/files/uploads/jac_brochure_17.pdf"
"Click Here to Download Brochure","https://pec.ac.in/sites/default/files/uploads/jac_brochure_16.pdf"
"Click Here to Download Brochure","https://pec.ac.in/sites/default/files/uploads/jac_brochure_15.pdf"
"Click Here to Download Brochure","https://pec.ac.in/sites/default/files/uploads/jac_brochure_14.pdf"
"Click Here to Download Brochure","https://pec.ac.in/sites/default/files/uploads/jac_brochure_13.pdf"
"Prospectus – 2017 – 2018","https://pec.ac.in/sites/default/files/attachments/prospectus_17-18.pdf"
"Prospectus – 2015 – 2016","https://pec.ac.in/sites/default/files/attachments/prospectus-1516.pdf"
"Prospectus – 2014 – 2015","https://pec.ac.in/sites/default/files/attachments/Prospectus-2014-15.pdf"
"Prospectus – 2013 – 2014","https://pec.ac.in/sites/default/files/attachments/Prospectus-2013-14.pdf"
"Prospectus – 2012 – 2013","https://pec.ac.in/sites/default/files/attachments/Prospectus-2012-131.pdf"
"Prospectus – 2011 – 2012","https://pec.ac.in/sites/default/files/attachments/Prospectus-2011-12.pdf"
"Prospectus – 2010 – 2011","https://pec.ac.in/sites/default/files/attachments/Prospectus-2010-11.pdf"
"Skip to main content","https://pec.ac.in/institute/sexual-harassment-complaints-committee#main-content"
"Quick Links","https://pec.ac.in/institute/sexual-harassment-complaints-committee#0"
"Skip to main content","https://pec.ac.in/credits#main-content"
"Quick Links","https://pec.ac.in/credits#0"
"Skip to main content","https://pec.ac.in/web_editor#main-content"
"Quick Links","https://pec.ac.in/web_editor#0"
"Request new password","https://pec.ac.in/web_editor/password"
"Skip to main content","https://pec.ac.in/anti-ragging#main-content"
"Anti-Ragging Committee","https://pec.ac.in/anti-ragging/committee"
"Contacts","https://pec.ac.in/anti-ragging/contacts"
"Quick Links","https://pec.ac.in/anti-ragging#0"
"English Version","https://pec.ac.in/sites/default/files/uploads/updatedraggingnotification.pdf"
"Hindi Version","https://pec.ac.in/sites/default/files/uploads/updatedhindiversion.pdf"
"Skip to main content","https://pec.ac.in/privacy-policy#main-content"
"Quick Links","https://pec.ac.in/privacy-policy#0"
"Skip to main content","https://pec.ac.in/reporting-copyright-infringement#main-content"
"Quick Links","https://pec.ac.in/reporting-copyright-infringement#0"
"Skip to main content","https://pec.ac.in/top-stories#main-content"
"Quick Links","https://pec.ac.in/top-stories#0"
"Role of Geospatial Technology","https://pec.ac.in/events/role-geospatial-technology-smart-city-initiatives-goi"
"Mentoring Session On PoCs","https://pec.ac.in/events/first-regional-mentoring-session-pocs"
"Open House 2019","https://pec.ac.in/events/pec-students-display-innovative-projects-open-house-2019"
"1","https://pec.ac.in/top-stories#"
"2","https://pec.ac.in/top-stories?page=1"
"3","https://pec.ac.in/top-stories?page=2"
"4","https://pec.ac.in/top-stories?page=3"
"5","https://pec.ac.in/top-stories?page=4"
"6","https://pec.ac.in/top-stories?page=5"
"Skip to main content","https://pec.ac.in/pec-anthem#main-content"
"Quick Links","https://pec.ac.in/pec-anthem#0"
"Skip to main content","https://pec.ac.in/rules-guidelines-forms#main-content"
"Quick Links","https://pec.ac.in/rules-guidelines-forms#0"
"Delegation Document","https://pec.ac.in/sites/default/files/uploads/delegation_document_10-12-15.pdf"
"MOA and BYE Laws","https://pec.ac.in/sites/default/files/uploads/Amended-MOA-PEC.pdf"
"Ordinances","https://pec.ac.in/sites/default/files/uploads/ordinance_0.pdf"
"Part 1","https://pec.ac.in/sites/default/files/uploads/senate-manu-1_2.pdf"
"Part 2","https://pec.ac.in/sites/default/files/uploads/SENATE-Mnu.-2.pdf"
"Senate Manual (Modified)","https://pec.ac.in/sites/default/files/uploads/minutes_senate_79_annexure_B_senate_manual.pdf"
"National Policy on Education","https://pec.ac.in/sites/default/files/uploads/npe86_0.pdf"
"Faculty Handbook","https://pec.ac.in/sites/default/files/uploads/facultyhandbook_0.pdf"
"Engagement of Classes and Attendance","https://pec.ac.in/rules-guidelines-forms/engagement-classes"
"Objectives, Norms & Guidelines","https://pec.ac.in/sites/default/files/uploads/normsforcoursesandtraining.pdf"
"Flow Chart of purchase procedure (Above Rs 1.00 Lac )","https://pec.ac.in/sites/default/files/uploads/purchase-process-above-1-lac.pdf"
"Flow Chart of purchase procedure (Above Rs 15,000/- and upto Rs 1.00 Lac)","https://pec.ac.in/sites/default/files/uploads/purchase-process-below-1-lac.pdf"
"Important Guidelines for purchase of Goods","https://pec.ac.in/sites/default/files/uploads/guidelines-for-purchase_0.pdf"
"Purchase Manual","https://pec.ac.in/sites/default/files/uploads/purchasemanual_new_0.pdf"
"Click here for List","https://pec.ac.in/sites/default/files/uploads/seniority_list_HAS_faculty_27-11-15.pdf"
"Click here for Notice","https://pec.ac.in/sites/default/files/uploads/notice_hac_27-11-15.pdf"
"Application for allotment of house in PEC Campus","https://pec.ac.in/sites/default/files/uploads/consent_form.pdf"
"Amendment in the rules of House Allotment as per notification issued by Secretary, House Allotment Committee vide no. 2020/A6/217, dated 12.03.2020.","https://pec.ac.in/sites/default/files/uploads/amendment%20house%20allotment12032020.pdf#overlay-context=rules-guidelines-forms"
"Application Form for The Festival Advance","https://pec.ac.in/sites/default/files/uploads/festival_advance.pdf"
"Performa for Calling Facility","https://pec.ac.in/sites/default/files/uploads/CallingFacility.pdf"
"Performa for Reimbursement of Telephone Bills","https://pec.ac.in/sites/default/files/uploads/telephone-bills-reimbursement-performa.pdf"
"Proforma for Identity-cum Dependent Card","https://pec.ac.in/sites/default/files/uploads/proforma_icard_pec.pdf"
"No Dues Certificate (for retiring employees)","https://pec.ac.in/sites/default/files/uploads/no_dues_retirement_pec.pdf"
"Undertaking for Fresh and renewal of Passport","https://pec.ac.in/sites/default/files/uploads/undertaking_passport_pec.pdf"
"Form for Nominations","https://pec.ac.in/sites/default/files/uploads/form_nomination_pec.pdf"
"Proforma for L.T.C","https://pec.ac.in/sites/default/files/uploads/proforma_ltc_pec.pdf"
"Application form for Special Casual Leave/ Project Leave","https://pec.ac.in/sites/default/files/uploads/Proforma-SCL-PL.pdf"
"Special Casual Leave/ Project Leave / Special Leave","https://pec.ac.in/rules-guidelines-forms/guidelines-special-leave"
"Gropup C","https://pec.ac.in/sites/default/files/uploads/group_c_4-9-19.pdf"
"Group D","https://pec.ac.in/sites/default/files/uploads/group_d_4-9-19.pdf"
"Medium of Instructions Certificate","https://pec.ac.in/sites/default/files/uploads/medium_instructions_certificate_14-2-2020.pdf"
"Consolidated Grades Sheet Certificate","https://pec.ac.in/sites/default/files/uploads/consolidated_grades_certificate_14-2-2020.pdf"
"Certificate for BE/B.Tech. Final Year Students","https://pec.ac.in/sites/default/files/uploads/certificate_btech_2019.pdf"
"Percentage Conversion Certificate","https://pec.ac.in/sites/default/files/uploads/percentage_conversion_certificate_14-2-2020.pdf"
"Internship of Students of Other Institutes at PEC","https://pec.ac.in/sites/default/files/uploads/internship_pec_other.pdf"
"CAS 2018 Notice","https://pec.ac.in/sites/default/files/uploads/cas_2018_notice.pdf"
"PBAS Performa as per UGC 2018","https://pec.ac.in/sites/default/files/uploads/pbas_performa_2018.doc"
"CAS-2018 Public Notice on Academic Integrity","https://pec.ac.in/sites/default/files/uploads/cas_18_nai.pdf"
"Counting of past service for CAS-2018","https://pec.ac.in/sites/default/files/uploads/cas_2018_notice_past_service.pdf"
"Custom and GST Exemption Certificate","https://pec.ac.in/sites/default/files/uploads/pec_gst_custom_duty_certificate.pdf"
"TA/DA rules","https://pec.ac.in/sites/default/files/uploads/TA-RULES.pdf"
"Empanelment of Vendors for Providing Taxi Services","https://pec.ac.in/sites/default/files/uploads/hiring_taxi_30-7-20.pdf"
"Service Tax No.","https://pec.ac.in/sites/default/files/uploads/Central-board-of-excise-and-customs.pdf"
"Educational Institute","https://pec.ac.in/sites/default/files/uploads/Chief-commissioner-of-income-tax.pdf"
"PAN/TAN","https://pec.ac.in/sites/default/files/uploads/Income-tax-pan-services-unit.pdf"
"Custom Duty Exemption Certificate","https://pec.ac.in/sites/default/files/uploads/Certificate-of-Registration.pdf"
"Registration u/s 12 A(a) of Income Tax Act","https://pec.ac.in/sites/default/files/uploads/government-of-India-Income-tax.pdf"
"VAT on sale of Institute Scrap","https://pec.ac.in/sites/default/files/uploads/Circular-Prevalent-taxation-laws.pdf"
"Order u/s 89 G(5)(vi) of Income Tax Act","https://pec.ac.in/sites/default/files/uploads/office-of-the-commissioner-of-income-tax-I.pdf"
"TDS / Service Tax","https://pec.ac.in/sites/default/files/uploads/tds.pdf"
"Download Logo","https://pec.ac.in/sites/default/files/uploads/Old-and-New-Logo-PEC.doc"
"Archive","https://pec.ac.in/rules-guidelines-forms/archive"
"Skip to main content","https://pec.ac.in/jobs/job-18-8-20#main-content"
"Quick Links","https://pec.ac.in/jobs/job-18-8-20#0"
"Download Details & Application Form","https://pec.ac.in/sites/default/files/uploads/jobs/job_18-8-20.pdf"
"Skip to main content","https://pec.ac.in/jobs/archive#main-content"
"Quick Links","https://pec.ac.in/jobs/archive#0"
"Click Here to Vie